transaction_id,date,sku,product_name,quantity,unit_cost,unit_price,payment_method,supplier,category,employee,discount
20241010-0000,2024-10-10 09:58:40,TIN012,Thin Nails Bundle,10,90,120,CASH,SUPP_B,Fasteners,John,0
20241010-0001,2024-10-10 10:53:43,PLM001,Plumbing PVC Pipe 1”,9,200,280,MPESA,SUPP_C,Plumbing,John,10
20241010-0002,2024-10-10 09:36:10,GLV010,Construction Gloves,1,50,80,MPESA,SUPP_B,Safety,John,5
20241010-0003,2024-10-10 12:51:15,PLM001,Plumbing PVC Pipe 1”,6,200,280,CASH,SUPP_C,Plumbing,Lucy,0
20241010-0004,2024-10-10 10:31:07,TIN012,Thin Nails Bundle,4,90,120,CASH,SUPP_B,Fasteners,John,0
20241010-0005,2024-10-10 09:27:38,PAI500,Premium Paint 5L,4,1200,1500,MPESA,SUPP_D,Paints,Mary,5
20241010-0006,2024-10-10 17:22:01,PLY200,2x1 Timber (2m),6,300,350,CASH,SUPP_A,Timber,Peter,0
20241010-0007,2024-10-10 13:33:48,ELX12,Light Bulb 60W,5,80,120,CARD,SUPP_C,Electrical,John,5
20241010-0008,2024-10-10 09:02:52,TOOL01,Hammer 16oz,10,400,550,CARD,SUPP_E,Tools,Mary,5
20241010-0009,2024-10-10 14:13:16,ELX12,Light Bulb 60W,7,80,120,CARD,SUPP_C,Electrical,Lucy,0
20241010-0010,2024-10-10 08:28:15,CEM001,20kg Cement Bag,1,450,500,BANK_TRANSFER,SUPP_A,Building Materials,Lucy,5
20241010-0011,2024-10-10 08:37:58,PLY200,2x1 Timber (2m),2,300,350,MPESA,SUPP_A,Timber,Lucy,5
20241010-0012,2024-10-10 10:05:01,ELX12,Light Bulb 60W,4,80,120,BANK_TRANSFER,SUPP_C,Electrical,Peter,0
20241010-0013,2024-10-10 12:16:19,TOOL01,Hammer 16oz,7,400,550,MPESA,SUPP_E,Tools,Mary,5
20241010-0014,2024-10-10 16:39:03,PLM001,Plumbing PVC Pipe 1”,5,200,280,CASH,SUPP_C,Plumbing,Lucy,5
20241010-0015,2024-10-10 08:50:51,CEM001,20kg Cement Bag,5,450,500,MPESA,SUPP_A,Building Materials,Peter,5
20241010-0016,2024-10-10 08:58:28,TOOL01,Hammer 16oz,1,400,550,BANK_TRANSFER,SUPP_E,Tools,John,0
20241010-0017,2024-10-10 10:12:05,TIN012,Thin Nails Bundle,6,90,120,CARD,SUPP_B,Fasteners,Peter,0
20241010-0018,2024-10-10 15:30:24,CEM001,20kg Cement Bag,5,450,500,MPESA,SUPP_A,Building Materials,Lucy,10
20241010-0019,2024-10-10 14:42:14,PAI500,Premium Paint 5L,3,1200,1500,MPESA,SUPP_D,Paints,Peter,10
20241010-0020,2024-10-10 08:18:27,TIN012,Thin Nails Bundle,6,90,120,CARD,SUPP_B,Fasteners,Lucy,0
20241010-0021,2024-10-10 17:19:54,PLM001,Plumbing PVC Pipe 1”,4,200,280,MPESA,SUPP_C,Plumbing,Lucy,5
20241010-0022,2024-10-10 10:53:06,BRU100,Hard Bristle Brush,2,180,250,CARD,SUPP_D,Decor,Mary,0
20241010-0023,2024-10-10 10:58:25,TIN012,Thin Nails Bundle,5,90,120,CARD,SUPP_B,Fasteners,Peter,5
20241010-0024,2024-10-10 08:03:57,PAI500,Premium Paint 5L,9,1200,1500,CASH,SUPP_D,Paints,John,0
20241010-0025,2024-10-10 10:11:48,NLS123,1/2 inch Nail Box,7,120,150,CASH,SUPP_B,Fasteners,John,5
20241010-0026,2024-10-10 10:10:59,CEM001,20kg Cement Bag,1,450,500,CARD,SUPP_A,Building Materials,Mary,0
20241010-0027,2024-10-10 15:07:12,PLM001,Plumbing PVC Pipe 1”,2,200,280,CARD,SUPP_C,Plumbing,Mary,0
20241010-0028,2024-10-10 10:25:41,PLY200,2x1 Timber (2m),7,300,350,BANK_TRANSFER,SUPP_A,Timber,Mary,0
20241010-0029,2024-10-10 16:38:06,BRU100,Hard Bristle Brush,8,180,250,CASH,SUPP_D,Decor,Lucy,5
20241010-0030,2024-10-10 12:37:45,BRU100,Hard Bristle Brush,10,180,250,BANK_TRANSFER,SUPP_D,Decor,Peter,0
20241010-0031,2024-10-10 10:45:01,GLV010,Construction Gloves,2,50,80,CARD,SUPP_B,Safety,Peter,0
20241010-0032,2024-10-10 14:28:26,ELX12,Light Bulb 60W,8,80,120,CASH,SUPP_C,Electrical,John,0
20241010-0033,2024-10-10 13:09:58,PLY200,2x1 Timber (2m),9,300,350,CASH,SUPP_A,Timber,Peter,10
20241010-0034,2024-10-10 16:29:42,BRU100,Hard Bristle Brush,10,180,250,CASH,SUPP_D,Decor,Mary,5
20241010-0035,2024-10-10 13:11:32,GLV010,Construction Gloves,8,50,80,CARD,SUPP_B,Safety,Lucy,0
20241010-0036,2024-10-10 14:13:10,TIN012,Thin Nails Bundle,5,90,120,BANK_TRANSFER,SUPP_B,Fasteners,Lucy,5
20241010-0037,2024-10-10 15:51:42,TIN012,Thin Nails Bundle,7,90,120,CARD,SUPP_B,Fasteners,John,0
20241010-0038,2024-10-10 15:41:40,NLS123,1/2 inch Nail Box,5,120,150,CASH,SUPP_B,Fasteners,Lucy,5
20241010-0039,2024-10-10 11:59:20,ELX12,Light Bulb 60W,8,80,120,CASH,SUPP_C,Electrical,Peter,5
20241010-0040,2024-10-10 14:16:21,ELX12,Light Bulb 60W,4,80,120,CARD,SUPP_C,Electrical,Peter,0
20241010-0041,2024-10-10 12:40:27,PLM001,Plumbing PVC Pipe 1”,5,200,280,CASH,SUPP_C,Plumbing,John,0
20241010-0042,2024-10-10 13:47:31,ELX12,Light Bulb 60W,10,80,120,CASH,SUPP_C,Electrical,Mary,0
20241010-0043,2024-10-10 11:13:26,PLM001,Plumbing PVC Pipe 1”,5,200,280,CASH,SUPP_C,Plumbing,John,10
20241010-0044,2024-10-10 17:52:53,PAI500,Premium Paint 5L,7,1200,1500,MPESA,SUPP_D,Paints,Lucy,5
20241010-0045,2024-10-10 10:18:47,PLY200,2x1 Timber (2m),5,300,350,MPESA,SUPP_A,Timber,Lucy,5
20241010-0046,2024-10-10 11:45:24,PLY200,2x1 Timber (2m),6,300,350,MPESA,SUPP_A,Timber,Mary,10
20241010-0047,2024-10-10 13:30:34,PAI500,Premium Paint 5L,10,1200,1500,BANK_TRANSFER,SUPP_D,Paints,Lucy,10
20241010-0048,2024-10-10 09:59:14,GLV010,Construction Gloves,1,50,80,CARD,SUPP_B,Safety,Mary,10
20241010-0049,2024-10-10 17:51:27,GLV010,Construction Gloves,10,50,80,CARD,SUPP_B,Safety,Lucy,0
20241010-0050,2024-10-10 16:58:01,PAI500,Premium Paint 5L,2,1200,1500,MPESA,SUPP_D,Paints,Lucy,0
20241010-0051,2024-10-10 11:59:07,NLS123,1/2 inch Nail Box,9,120,150,CASH,SUPP_B,Fasteners,Peter,0
20241010-0052,2024-10-10 14:10:22,GLV010,Construction Gloves,9,50,80,BANK_TRANSFER,SUPP_B,Safety,Lucy,10
20241010-0053,2024-10-10 14:56:26,PAI500,Premium Paint 5L,4,1200,1500,CASH,SUPP_D,Paints,Mary,5
20241010-0054,2024-10-10 11:11:09,PLY200,2x1 Timber (2m),3,300,350,CASH,SUPP_A,Timber,Lucy,0
20241010-0055,2024-10-10 13:14:56,PLM001,Plumbing PVC Pipe 1”,3,200,280,CARD,SUPP_C,Plumbing,Lucy,0
20241010-0056,2024-10-10 17:32:32,ELX12,Light Bulb 60W,9,80,120,BANK_TRANSFER,SUPP_C,Electrical,Lucy,0
20241010-0057,2024-10-10 09:24:29,TOOL01,Hammer 16oz,1,400,550,BANK_TRANSFER,SUPP_E,Tools,Peter,0
20241010-0058,2024-10-10 10:30:47,TOOL01,Hammer 16oz,3,400,550,BANK_TRANSFER,SUPP_E,Tools,Peter,10
20241010-0059,2024-10-10 09:11:37,GLV010,Construction Gloves,1,50,80,MPESA,SUPP_B,Safety,John,10
20241010-0060,2024-10-10 15:24:48,BRU100,Hard Bristle Brush,2,180,250,CARD,SUPP_D,Decor,Lucy,5
20241010-0061,2024-10-10 08:49:00,PAI500,Premium Paint 5L,9,1200,1500,MPESA,SUPP_D,Paints,Mary,5
20241010-0062,2024-10-10 13:25:14,GLV010,Construction Gloves,10,50,80,CASH,SUPP_B,Safety,Mary,5
20241010-0063,2024-10-10 08:22:55,NLS123,1/2 inch Nail Box,5,120,150,MPESA,SUPP_B,Fasteners,Lucy,0
20241010-0064,2024-10-10 17:25:33,TOOL01,Hammer 16oz,8,400,550,MPESA,SUPP_E,Tools,John,10
20241010-0065,2024-10-10 08:07:08,BRU100,Hard Bristle Brush,4,180,250,CASH,SUPP_D,Decor,Mary,5
20241010-0066,2024-10-10 15:39:38,PAI500,Premium Paint 5L,3,1200,1500,BANK_TRANSFER,SUPP_D,Paints,Peter,0
20241010-0067,2024-10-10 15:24:53,PLY200,2x1 Timber (2m),7,300,350,BANK_TRANSFER,SUPP_A,Timber,Peter,5
20241010-0068,2024-10-10 16:58:02,TOOL01,Hammer 16oz,7,400,550,BANK_TRANSFER,SUPP_E,Tools,Peter,0
20241010-0069,2024-10-10 16:43:08,ELX12,Light Bulb 60W,4,80,120,MPESA,SUPP_C,Electrical,Mary,0
20241010-0070,2024-10-10 15:15:07,TIN012,Thin Nails Bundle,3,90,120,BANK_TRANSFER,SUPP_B,Fasteners,Peter,5
20241010-0071,2024-10-10 16:09:45,ELX12,Light Bulb 60W,5,80,120,CARD,SUPP_C,Electrical,John,0
20241010-0072,2024-10-10 08:43:36,PAI500,Premium Paint 5L,6,1200,1500,BANK_TRANSFER,SUPP_D,Paints,Peter,0
20241010-0073,2024-10-10 10:09:39,CEM001,20kg Cement Bag,9,450,500,BANK_TRANSFER,SUPP_A,Building Materials,John,10
20241010-0074,2024-10-10 16:43:34,TIN012,Thin Nails Bundle,5,90,120,CASH,SUPP_B,Fasteners,John,0
20241010-0075,2024-10-10 14:51:42,ELX12,Light Bulb 60W,-1,80,120,CARD,SUPP_C,Electrical,Mary,10
20241010-0076,2024-10-10 09:45:16,PLM001,Plumbing PVC Pipe 1”,10,200,280,BANK_TRANSFER,SUPP_C,Plumbing,Peter,0
20241010-0077,2024-10-10 12:02:48,NLS123,1/2 inch Nail Box,6,120,150,MPESA,SUPP_B,Fasteners,Lucy,0
20241010-0078,2024-10-10 16:12:07,ELX12,Light Bulb 60W,6,80,120,MPESA,SUPP_C,Electrical,Peter,10
20241010-0079,2024-10-10 16:04:14,NLS123,1/2 inch Nail Box,2,120,150,BANK_TRANSFER,SUPP_B,Fasteners,Lucy,0
20241010-0080,2024-10-10 14:27:06,PLM001,Plumbing PVC Pipe 1”,9,200,280,CASH,SUPP_C,Plumbing,Mary,0
20241010-0081,2024-10-10 16:01:50,ELX12,Light Bulb 60W,9,80,120,BANK_TRANSFER,SUPP_C,Electrical,John,0
20241010-0082,2024-10-10 13:12:43,CEM001,20kg Cement Bag,6,450,500,CARD,SUPP_A,Building Materials,John,0
20241010-0083,2024-10-10 16:17:40,BRU100,Hard Bristle Brush,10,180,250,BANK_TRANSFER,SUPP_D,Decor,John,0
20241010-0084,2024-10-10 12:10:40,PLM001,Plumbing PVC Pipe 1”,3,200,280,CASH,SUPP_C,Plumbing,John,0
20241010-0085,2024-10-10 11:30:57,PLM001,Plumbing PVC Pipe 1”,6,200,280,CASH,SUPP_C,Plumbing,Peter,0
20241010-0086,2024-10-10 10:44:59,ELX12,Light Bulb 60W,1,80,120,CASH,SUPP_C,Electrical,Lucy,10
20241010-0087,2024-10-10 10:11:33,PLY200,2x1 Timber (2m),6,300,350,CASH,SUPP_A,Timber,Lucy,0
20241010-0088,2024-10-10 09:33:58,NLS123,1/2 inch Nail Box,1,120,150,CASH,SUPP_B,Fasteners,Mary,0
20241010-0089,2024-10-10 13:48:51,GLV010,Construction Gloves,7,50,80,MPESA,SUPP_B,Safety,Mary,10
20241010-0090,2024-10-10 10:09:21,GLV010,Construction Gloves,3,50,80,CARD,SUPP_B,Safety,John,0
20241010-0091,2024-10-10 08:51:37,TOOL01,Hammer 16oz,5,400,550,BANK_TRANSFER,SUPP_E,Tools,Peter,0
20241010-0092,2024-10-10 15:59:27,PLM001,Plumbing PVC Pipe 1”,5,200,280,MPESA,SUPP_C,Plumbing,Peter,10
20241010-0093,2024-10-10 14:44:33,PAI500,Premium Paint 5L,1,1200,1500,CASH,SUPP_D,Paints,John,0
20241010-0094,2024-10-10 13:36:40,CEM001,20kg Cement Bag,7,450,500,MPESA,SUPP_A,Building Materials,John,5
20241010-0095,2024-10-10 16:13:51,CEM001,20kg Cement Bag,10,450,500,CASH,SUPP_A,Building Materials,Lucy,0
20241010-0096,2024-10-10 09:10:59,GLV010,Construction Gloves,10,50,80,MPESA,SUPP_B,Safety,John,5
20241010-0097,2024-10-10 17:43:29,BRU100,Hard Bristle Brush,10,180,250,CARD,SUPP_D,Decor,Peter,10
20241010-0098,2024-10-10 10:21:51,GLV010,Construction Gloves,1,50,80,CASH,SUPP_B,Safety,Mary,0
20241010-0099,2024-10-10 12:05:40,PLY200,2x1 Timber (2m),5,300,350,BANK_TRANSFER,SUPP_A,Timber,Lucy,10
20241010-0100,2024-10-10 11:55:35,ELX12,Light Bulb 60W,5,80,120,CASH,SUPP_C,Electrical,Peter,5
20241010-0101,2024-10-10 09:29:56,PLM001,Plumbing PVC Pipe 1”,9,200,280,BANK_TRANSFER,SUPP_C,Plumbing,Peter,0
20241010-0102,2024-10-10 10:29:14,TIN012,Thin Nails Bundle,9,90,120,CASH,SUPP_B,Fasteners,John,0
20241010-0103,2024-10-10 09:40:09,BRU100,Hard Bristle Brush,1,180,250,CARD,SUPP_D,Decor,John,5
20241010-0104,2024-10-10 08:20:37,PLM001,Plumbing PVC Pipe 1”,2,200,280,CASH,SUPP_C,Plumbing,Peter,0
20241010-0105,2024-10-10 11:51:35,GLV010,Construction Gloves,2,50,80,BANK_TRANSFER,SUPP_B,Safety,Lucy,0
20241010-0106,2024-10-10 10:06:26,TIN012,Thin Nails Bundle,8,90,120,CASH,SUPP_B,Fasteners,John,0
20241010-0107,2024-10-10 13:14:50,ELX12,Light Bulb 60W,6,80,120,CASH,SUPP_C,Electrical,John,10
20241010-0108,2024-10-10 16:28:20,TIN012,Thin Nails Bundle,5,90,120,BANK_TRANSFER,SUPP_B,Fasteners,John,0
20241010-0109,2024-10-10 10:55:29,BRU100,Hard Bristle Brush,10,180,250,CASH,SUPP_D,Decor,Lucy,0
20241010-0110,2024-10-10 10:42:17,PLY200,2x1 Timber (2m),1,300,350,CASH,SUPP_A,Timber,Lucy,0
20241010-0111,2024-10-10 15:38:00,TIN012,Thin Nails Bundle,6,90,120,MPESA,SUPP_B,Fasteners,Mary,0
20241010-0112,2024-10-10 11:30:14,PLY200,2x1 Timber (2m),9,300,350,MPESA,SUPP_A,Timber,Lucy,5
20241010-0113,2024-10-10 10:11:18,TOOL01,Hammer 16oz,5,400,550,CARD,SUPP_E,Tools,Peter,10
20241010-0114,2024-10-10 15:06:10,TIN012,Thin Nails Bundle,7,90,120,CASH,SUPP_B,Fasteners,John,0
20241010-0115,2024-10-10 10:33:27,PLM001,Plumbing PVC Pipe 1”,6,200,280,CARD,SUPP_C,Plumbing,Lucy,5
20241010-0116,2024-10-10 15:59:43,TIN012,Thin Nails Bundle,9,90,120,CASH,SUPP_B,Fasteners,Peter,5
20241010-0117,2024-10-10 10:15:59,CEM001,20kg Cement Bag,2,450,500,BANK_TRANSFER,SUPP_A,Building Materials,Peter,0
20241010-0118,2024-10-10 16:59:02,GLV010,Construction Gloves,6,50,80,CARD,SUPP_B,Safety,Lucy,0
20241010-0119,2024-10-10 11:23:56,CEM001,20kg Cement Bag,10,450,500,CASH,SUPP_A,Building Materials,John,0
20241010-0120,2024-10-10 10:50:11,PLM001,Plumbing PVC Pipe 1”,3,200,280,CARD,SUPP_C,Plumbing,Peter,5
20241010-0121,2024-10-10 13:53:28,TIN012,Thin Nails Bundle,1,90,120,BANK_TRANSFER,SUPP_B,Fasteners,Lucy,10
20241010-0122,2024-10-10 17:04:32,PAI500,Premium Paint 5L,9,1200,1500,BANK_TRANSFER,SUPP_D,Paints,Mary,0
20241010-0123,2024-10-10 15:21:54,TOOL01,Hammer 16oz,5,400,550,BANK_TRANSFER,SUPP_E,Tools,Mary,10
20241010-0124,2024-10-10 16:54:43,BRU100,Hard Bristle Brush,10,180,250,CASH,SUPP_D,Decor,John,0
20241010-0125,2024-10-10 13:25:54,TOOL01,Hammer 16oz,4,400,550,CARD,SUPP_E,Tools,Lucy,5
20241010-0126,2024-10-10 13:00:49,BRU100,Hard Bristle Brush,2,180,250,CARD,SUPP_D,Decor,Mary,10
20241010-0127,2024-10-10 13:46:44,CEM001,20kg Cement Bag,3,450,500,BANK_TRANSFER,SUPP_A,Building Materials,Lucy,0
20241010-0128,2024-10-10 10:13:32,ELX12,Light Bulb 60W,1,80,120,MPESA,SUPP_C,Electrical,John,10
20241010-0129,2024-10-10 17:16:04,CEM001,20kg Cement Bag,-8,450,500,CARD,SUPP_A,Building Materials,Peter,0
20241010-0130,2024-10-10 15:01:43,BRU100,Hard Bristle Brush,2,180,250,CASH,SUPP_D,Decor,Mary,0
20241010-0131,2024-10-10 08:06:50,PAI500,Premium Paint 5L,10,1200,1500,CASH,SUPP_D,Paints,Mary,0
20241010-0132,2024-10-10 09:43:13,GLV010,Construction Gloves,10,50,80,CARD,SUPP_B,Safety,Peter,10
20241010-0133,2024-10-10 12:44:31,TIN012,Thin Nails Bundle,1,90,120,CARD,SUPP_B,Fasteners,Lucy,0
20241010-0134,2024-10-10 17:52:47,BRU100,Hard Bristle Brush,2,180,250,BANK_TRANSFER,SUPP_D,Decor,Peter,0
20241010-0135,2024-10-10 11:18:22,TOOL01,Hammer 16oz,10,400,550,BANK_TRANSFER,SUPP_E,Tools,Lucy,10
20241010-0136,2024-10-10 17:41:20,TIN012,Thin Nails Bundle,9,90,120,CARD,SUPP_B,Fasteners,Peter,10
20241010-0137,2024-10-10 08:38:03,CEM001,20kg Cement Bag,2,450,500,MPESA,SUPP_A,Building Materials,Lucy,0
20241010-0138,2024-10-10 09:59:37,PAI500,Premium Paint 5L,5,1200,1500,MPESA,SUPP_D,Paints,Lucy,0
20241010-0139,2024-10-10 16:30:21,NLS123,1/2 inch Nail Box,6,120,150,BANK_TRANSFER,SUPP_B,Fasteners,Mary,10
20241010-0140,2024-10-10 08:15:58,PAI500,Premium Paint 5L,2,1200,1500,BANK_TRANSFER,SUPP_D,Paints,Lucy,0
20241010-0141,2024-10-10 09:39:52,TIN012,Thin Nails Bundle,9,90,120,MPESA,SUPP_B,Fasteners,Peter,0
20241010-0142,2024-10-10 14:25:23,PAI500,Premium Paint 5L,8,1200,1500,CARD,SUPP_D,Paints,Peter,0
20241010-0143,2024-10-10 13:41:37,ELX12,Light Bulb 60W,5,80,120,CARD,SUPP_C,Electrical,Peter,5
20241010-0144,2024-10-10 15:34:30,PAI500,Premium Paint 5L,3,1200,1500,CASH,SUPP_D,Paints,Lucy,0
20241010-0145,2024-10-10 12:27:24,NLS123,1/2 inch Nail Box,9,120,150,CASH,SUPP_B,Fasteners,John,0
20241010-0146,2024-10-10 11:09:27,BRU100,Hard Bristle Brush,5,180,250,CASH,SUPP_D,Decor,John,10
20241010-0147,2024-10-10 08:16:58,BRU100,Hard Bristle Brush,1,180,250,CASH,SUPP_D,Decor,Mary,0
20241010-0148,2024-10-10 10:53:25,PLY200,2x1 Timber (2m),10,300,350,BANK_TRANSFER,SUPP_A,Timber,Lucy,0
20241010-0149,2024-10-10 17:42:20,TOOL01,Hammer 16oz,4,400,550,MPESA,SUPP_E,Tools,Mary,0
20241010-0150,2024-10-10 10:01:46,TIN012,Thin Nails Bundle,2,90,120,BANK_TRANSFER,SUPP_B,Fasteners,Peter,0
20241010-0151,2024-10-10 15:11:42,PLM001,Plumbing PVC Pipe 1”,2,200,280,MPESA,SUPP_C,Plumbing,Mary,0
20241010-0152,2024-10-10 16:34:31,ELX12,Light Bulb 60W,10,80,120,MPESA,SUPP_C,Electrical,John,10
20241010-0153,2024-10-10 13:07:07,CEM001,20kg Cement Bag,6,450,500,CARD,SUPP_A,Building Materials,Peter,0
20241010-0154,2024-10-10 11:34:50,GLV010,Construction Gloves,5,50,80,MPESA,SUPP_B,Safety,Lucy,0
20241010-0155,2024-10-10 08:04:42,TIN012,Thin Nails Bundle,3,90,120,BANK_TRANSFER,SUPP_B,Fasteners,John,5
20241010-0156,2024-10-10 09:57:05,BRU100,Hard Bristle Brush,5,180,250,MPESA,SUPP_D,Decor,Lucy,10
20241010-0157,2024-10-10 12:44:11,PLY200,2x1 Timber (2m),8,300,350,CARD,SUPP_A,Timber,Peter,5
20241010-0158,2024-10-10 08:40:04,PLM001,Plumbing PVC Pipe 1”,4,200,280,CARD,SUPP_C,Plumbing,Mary,0
20241010-0159,2024-10-10 15:18:43,CEM001,20kg Cement Bag,7,450,500,CASH,SUPP_A,Building Materials,Peter,5
20241010-0160,2024-10-10 10:39:37,CEM001,20kg Cement Bag,5,450,500,CASH,SUPP_A,Building Materials,John,0
20241010-0161,2024-10-10 15:57:38,ELX12,Light Bulb 60W,10,80,120,CASH,SUPP_C,Electrical,John,5
20241010-0162,2024-10-10 12:55:35,TOOL01,Hammer 16oz,4,400,550,CASH,SUPP_E,Tools,John,5
20241010-0163,2024-10-10 15:20:01,TOOL01,Hammer 16oz,2,400,550,CASH,SUPP_E,Tools,Peter,0
20241010-0164,2024-10-10 16:48:43,CEM001,20kg Cement Bag,2,450,500,CASH,SUPP_A,Building Materials,Lucy,0
20241010-0165,2024-10-10 14:50:55,PAI500,Premium Paint 5L,6,1200,1500,BANK_TRANSFER,SUPP_D,Paints,John,10
20241010-0166,2024-10-10 11:15:35,NLS123,1/2 inch Nail Box,10,120,150,CARD,SUPP_B,Fasteners,Mary,10
20241010-0167,2024-10-10 16:46:08,BRU100,Hard Bristle Brush,5,180,250,CASH,SUPP_D,Decor,John,0
20241010-0168,2024-10-10 15:40:35,NLS123,1/2 inch Nail Box,9,120,150,BANK_TRANSFER,SUPP_B,Fasteners,Mary,10
20241010-0169,2024-10-10 08:50:53,ELX12,Light Bulb 60W,8,80,120,CASH,SUPP_C,Electrical,Peter,10
20241010-0170,2024-10-10 14:14:14,PLY200,2x1 Timber (2m),8,300,350,CASH,SUPP_A,Timber,John,0
20241010-0171,2024-10-10 15:19:08,ELX12,Light Bulb 60W,1,80,120,MPESA,SUPP_C,Electrical,John,10
20241010-0172,2024-10-10 15:02:09,TOOL01,Hammer 16oz,2,400,550,BANK_TRANSFER,SUPP_E,Tools,Lucy,10
20241010-0173,2024-10-10 17:28:12,ELX12,Light Bulb 60W,4,80,120,CASH,SUPP_C,Electrical,Mary,10
20241010-0174,2024-10-10 10:44:15,ELX12,Light Bulb 60W,7,80,120,CARD,SUPP_C,Electrical,Peter,5
20241010-0175,2024-10-10 08:11:13,NLS123,1/2 inch Nail Box,3,120,150,CARD,SUPP_B,Fasteners,Peter,0
20241010-0176,2024-10-10 09:02:27,PLM001,Plumbing PVC Pipe 1”,6,200,280,CASH,SUPP_C,Plumbing,Mary,0
20241010-0177,2024-10-10 08:11:04,PLM001,Plumbing PVC Pipe 1”,5,200,280,BANK_TRANSFER,SUPP_C,Plumbing,Lucy,5
20241010-0178,2024-10-10 11:24:59,PLM001,Plumbing PVC Pipe 1”,6,200,280,CARD,SUPP_C,Plumbing,John,0
20241010-0179,2024-10-10 13:06:22,PLM001,Plumbing PVC Pipe 1”,-5,200,280,BANK_TRANSFER,SUPP_C,Plumbing,Mary,0
20241010-0180,2024-10-10 17:21:52,PLY200,2x1 Timber (2m),9,300,350,CARD,SUPP_A,Timber,John,0
20241010-0181,2024-10-10 11:50:26,TIN012,Thin Nails Bundle,5,90,120,MPESA,SUPP_B,Fasteners,John,0
20241010-0182,2024-10-10 12:30:44,TOOL01,Hammer 16oz,6,400,550,MPESA,SUPP_E,Tools,Peter,10
20241010-0183,2024-10-10 14:27:17,PLY200,2x1 Timber (2m),10,300,350,MPESA,SUPP_A,Timber,Peter,0
20241010-0184,2024-10-10 16:01:38,GLV010,Construction Gloves,7,50,80,CASH,SUPP_B,Safety,Lucy,0
20241010-0185,2024-10-10 10:34:02,TOOL01,Hammer 16oz,3,400,550,BANK_TRANSFER,SUPP_E,Tools,John,5
20241010-0186,2024-10-10 15:42:10,PLY200,2x1 Timber (2m),5,300,350,CASH,SUPP_A,Timber,Peter,0
20241010-0187,2024-10-10 13:01:52,TOOL01,Hammer 16oz,5,400,550,BANK_TRANSFER,SUPP_E,Tools,Lucy,0
20241010-0188,2024-10-10 12:57:06,PLY200,2x1 Timber (2m),7,300,350,CARD,SUPP_A,Timber,Mary,0
20241010-0189,2024-10-10 16:52:00,BRU100,Hard Bristle Brush,1,180,250,CARD,SUPP_D,Decor,Lucy,5
20241010-0190,2024-10-10 09:40:49,PLY200,2x1 Timber (2m),-4,300,350,BANK_TRANSFER,SUPP_A,Timber,Mary,0
20241010-0191,2024-10-10 13:57:37,NLS123,1/2 inch Nail Box,3,120,150,MPESA,SUPP_B,Fasteners,Mary,0
20241010-0192,2024-10-10 10:26:19,CEM001,20kg Cement Bag,9,450,500,BANK_TRANSFER,SUPP_A,Building Materials,Lucy,0
20241010-0193,2024-10-10 17:35:33,PAI500,Premium Paint 5L,4,1200,1500,CASH,SUPP_D,Paints,Peter,5
20241010-0194,2024-10-10 11:55:36,PLM001,Plumbing PVC Pipe 1”,5,200,280,MPESA,SUPP_C,Plumbing,Peter,5
20241010-0195,2024-10-10 08:44:28,TOOL01,Hammer 16oz,5,400,550,CARD,SUPP_E,Tools,Mary,0
20241010-0196,2024-10-10 08:25:33,NLS123,1/2 inch Nail Box,9,120,150,CARD,SUPP_B,Fasteners,John,5
20241010-0197,2024-10-10 12:56:22,BRU100,Hard Bristle Brush,1,180,250,CASH,SUPP_D,Decor,Mary,0
20241010-0198,2024-10-10 14:31:50,BRU100,Hard Bristle Brush,2,180,250,BANK_TRANSFER,SUPP_D,Decor,Lucy,10
20241010-0199,2024-10-10 17:34:37,PAI500,Premium Paint 5L,8,1200,1500,BANK_TRANSFER,SUPP_D,Paints,John,5
20241010-0200,2024-10-10 09:42:54,PLM001,Plumbing PVC Pipe 1”,2,200,280,CASH,SUPP_C,Plumbing,John,0
20241010-0201,2024-10-10 16:24:38,BRU100,Hard Bristle Brush,3,180,250,BANK_TRANSFER,SUPP_D,Decor,Mary,5
20241010-0202,2024-10-10 13:45:02,CEM001,20kg Cement Bag,5,450,500,CARD,SUPP_A,Building Materials,Peter,0
20241010-0203,2024-10-10 14:47:41,TIN012,Thin Nails Bundle,6,90,120,MPESA,SUPP_B,Fasteners,Peter,0
20241010-0204,2024-10-10 12:06:47,PAI500,Premium Paint 5L,2,1200,1500,BANK_TRANSFER,SUPP_D,Paints,Lucy,0
20241010-0205,2024-10-10 13:04:27,TIN012,Thin Nails Bundle,7,90,120,CARD,SUPP_B,Fasteners,Peter,0
20241010-0206,2024-10-10 16:06:03,PAI500,Premium Paint 5L,8,1200,1500,CARD,SUPP_D,Paints,Peter,0
20241010-0207,2024-10-10 15:44:40,TIN012,Thin Nails Bundle,5,90,120,BANK_TRANSFER,SUPP_B,Fasteners,Peter,10
20241010-0208,2024-10-10 15:10:19,NLS123,1/2 inch Nail Box,10,120,150,CASH,SUPP_B,Fasteners,Peter,0
20241010-0209,2024-10-10 12:34:44,GLV010,Construction Gloves,8,50,80,CASH,SUPP_B,Safety,John,0
20241010-0210,2024-10-10 15:02:22,TOOL01,Hammer 16oz,6,400,550,CARD,SUPP_E,Tools,John,0
20241010-0211,2024-10-10 09:33:53,TOOL01,Hammer 16oz,3,400,550,MPESA,SUPP_E,Tools,John,0
20241010-0212,2024-10-10 09:16:18,CEM001,20kg Cement Bag,8,450,500,BANK_TRANSFER,SUPP_A,Building Materials,Peter,5
20241010-0213,2024-10-10 12:27:20,BRU100,Hard Bristle Brush,10,180,250,CARD,SUPP_D,Decor,Lucy,0
20241010-0214,2024-10-10 16:08:32,TIN012,Thin Nails Bundle,5,90,120,CASH,SUPP_B,Fasteners,John,10
20241010-0215,2024-10-10 11:22:38,GLV010,Construction Gloves,4,50,80,CARD,SUPP_B,Safety,Mary,10
20241010-0216,2024-10-10 08:22:31,TIN012,Thin Nails Bundle,4,90,120,BANK_TRANSFER,SUPP_B,Fasteners,Mary,5
20241010-0217,2024-10-10 14:25:31,ELX12,Light Bulb 60W,10,80,120,BANK_TRANSFER,SUPP_C,Electrical,Mary,10
20241010-0218,2024-10-10 15:49:35,TIN012,Thin Nails Bundle,10,90,120,CARD,SUPP_B,Fasteners,John,0
20241010-0219,2024-10-10 12:52:57,NLS123,1/2 inch Nail Box,7,120,150,CARD,SUPP_B,Fasteners,Mary,0
20241010-0220,2024-10-10 13:06:33,BRU100,Hard Bristle Brush,7,180,250,CASH,SUPP_D,Decor,Lucy,10
20241010-0221,2024-10-10 14:52:02,TOOL01,Hammer 16oz,6,400,550,CARD,SUPP_E,Tools,Peter,5
20241010-0222,2024-10-10 12:03:14,GLV010,Construction Gloves,10,50,80,BANK_TRANSFER,SUPP_B,Safety,Mary,5
20241010-0223,2024-10-10 09:59:33,GLV010,Construction Gloves,1,50,80,CARD,SUPP_B,Safety,Mary,0
20241010-0224,2024-10-10 09:17:52,BRU100,Hard Bristle Brush,4,180,250,MPESA,SUPP_D,Decor,John,10
20241010-0225,2024-10-10 11:25:25,PLM001,Plumbing PVC Pipe 1”,4,200,280,CARD,SUPP_C,Plumbing,Lucy,0
20241010-0226,2024-10-10 09:29:54,CEM001,20kg Cement Bag,9,450,500,BANK_TRANSFER,SUPP_A,Building Materials,John,0
20241010-0227,2024-10-10 08:12:16,TIN012,Thin Nails Bundle,8,90,120,BANK_TRANSFER,SUPP_B,Fasteners,John,0
20241010-0228,2024-10-10 12:59:48,TIN012,Thin Nails Bundle,9,90,120,CASH,SUPP_B,Fasteners,Lucy,0
20241010-0229,2024-10-10 12:48:26,GLV010,Construction Gloves,1,50,80,CASH,SUPP_B,Safety,John,10
20241010-0230,2024-10-10 10:05:20,CEM001,20kg Cement Bag,4,450,500,MPESA,SUPP_A,Building Materials,John,0
20241010-0231,2024-10-10 09:38:49,CEM001,20kg Cement Bag,9,450,500,CARD,SUPP_A,Building Materials,Peter,5
20241010-0232,2024-10-10 16:20:12,CEM001,20kg Cement Bag,5,450,500,MPESA,SUPP_A,Building Materials,Peter,10
20241010-0233,2024-10-10 17:40:57,PAI500,Premium Paint 5L,2,1200,1500,CASH,SUPP_D,Paints,John,10
20241010-0234,2024-10-10 16:46:19,BRU100,Hard Bristle Brush,1,180,250,MPESA,SUPP_D,Decor,Peter,0
20241010-0235,2024-10-10 13:09:06,PLM001,Plumbing PVC Pipe 1”,9,200,280,CARD,SUPP_C,Plumbing,Lucy,5
20241010-0236,2024-10-10 11:17:02,ELX12,Light Bulb 60W,8,80,120,MPESA,SUPP_C,Electrical,Peter,5
20241010-0237,2024-10-10 08:00:56,PLM001,Plumbing PVC Pipe 1”,8,200,280,CARD,SUPP_C,Plumbing,Peter,0
20241010-0238,2024-10-10 10:36:07,TIN012,Thin Nails Bundle,3,90,120,BANK_TRANSFER,SUPP_B,Fasteners,Mary,0
20241010-0239,2024-10-10 13:54:55,PAI500,Premium Paint 5L,9,1200,1500,MPESA,SUPP_D,Paints,Peter,0
20241010-0240,2024-10-10 16:10:26,BRU100,Hard Bristle Brush,9,180,250,CARD,SUPP_D,Decor,John,5
20241010-0241,2024-10-10 11:21:54,PLM001,Plumbing PVC Pipe 1”,3,200,280,CARD,SUPP_C,Plumbing,Lucy,0
20241010-0242,2024-10-10 14:08:45,CEM001,20kg Cement Bag,2,450,500,BANK_TRANSFER,SUPP_A,Building Materials,Lucy,0
20241010-0243,2024-10-10 13:54:00,ELX12,Light Bulb 60W,10,80,120,BANK_TRANSFER,SUPP_C,Electrical,Mary,0
20241010-0244,2024-10-10 13:21:23,PLY200,2x1 Timber (2m),6,300,350,MPESA,SUPP_A,Timber,Mary,5
20241010-0245,2024-10-10 17:37:29,BRU100,Hard Bristle Brush,10,180,250,BANK_TRANSFER,SUPP_D,Decor,John,10
20241010-0246,2024-10-10 10:06:30,TIN012,Thin Nails Bundle,9,90,120,CARD,SUPP_B,Fasteners,John,0
20241010-0247,2024-10-10 12:10:17,NLS123,1/2 inch Nail Box,5,120,150,CASH,SUPP_B,Fasteners,Mary,0
20241010-0248,2024-10-10 16:27:23,ELX12,Light Bulb 60W,5,80,120,CASH,SUPP_C,Electrical,Lucy,0
20241010-0249,2024-10-10 16:04:28,BRU100,Hard Bristle Brush,6,180,250,MPESA,SUPP_D,Decor,Lucy,0
20241010-0250,2024-10-10 10:36:06,NLS123,1/2 inch Nail Box,9,120,150,CARD,SUPP_B,Fasteners,John,10
20241010-0251,2024-10-10 13:55:59,NLS123,1/2 inch Nail Box,3,120,150,MPESA,SUPP_B,Fasteners,Lucy,10
20241010-0252,2024-10-10 13:11:09,GLV010,Construction Gloves,10,50,80,BANK_TRANSFER,SUPP_B,Safety,John,5
20241010-0253,2024-10-10 14:54:36,TOOL01,Hammer 16oz,9,400,550,CARD,SUPP_E,Tools,John,5
20241010-0254,2024-10-10 15:13:24,TOOL01,Hammer 16oz,8,400,550,BANK_TRANSFER,SUPP_E,Tools,Lucy,10
20241010-0255,2024-10-10 11:24:23,PAI500,Premium Paint 5L,5,1200,1500,CASH,SUPP_D,Paints,Lucy,10
20241010-0256,2024-10-10 11:50:05,ELX12,Light Bulb 60W,1,80,120,CASH,SUPP_C,Electrical,Peter,5
20241010-0257,2024-10-10 17:47:14,PAI500,Premium Paint 5L,5,1200,1500,CARD,SUPP_D,Paints,Lucy,0
20241010-0258,2024-10-10 12:48:26,CEM001,20kg Cement Bag,1,450,500,BANK_TRANSFER,SUPP_A,Building Materials,John,0
20241010-0259,2024-10-10 16:46:23,ELX12,Light Bulb 60W,8,80,120,CASH,SUPP_C,Electrical,Mary,5
20241010-0260,2024-10-10 13:00:40,GLV010,Construction Gloves,2,50,80,BANK_TRANSFER,SUPP_B,Safety,Mary,0
20241010-0261,2024-10-10 09:59:51,TIN012,Thin Nails Bundle,10,90,120,MPESA,SUPP_B,Fasteners,Mary,0
20241010-0262,2024-10-10 13:25:06,TIN012,Thin Nails Bundle,9,90,120,BANK_TRANSFER,SUPP_B,Fasteners,Mary,5
20241010-0263,2024-10-10 16:48:33,NLS123,1/2 inch Nail Box,2,120,150,CARD,SUPP_B,Fasteners,Peter,0
20241010-0264,2024-10-10 13:14:45,PAI500,Premium Paint 5L,5,1200,1500,MPESA,SUPP_D,Paints,Lucy,10
20241010-0265,2024-10-10 17:07:44,BRU100,Hard Bristle Brush,4,180,250,BANK_TRANSFER,SUPP_D,Decor,Mary,0
20241010-0266,2024-10-10 14:35:11,TIN012,Thin Nails Bundle,10,90,120,CARD,SUPP_B,Fasteners,Peter,0
20241010-0267,2024-10-10 09:39:48,GLV010,Construction Gloves,5,50,80,MPESA,SUPP_B,Safety,Mary,0
20241010-0268,2024-10-10 16:56:26,BRU100,Hard Bristle Brush,1,180,250,CARD,SUPP_D,Decor,John,0
20241010-0269,2024-10-10 14:57:57,CEM001,20kg Cement Bag,9,450,500,CARD,SUPP_A,Building Materials,John,5
20241010-0270,2024-10-10 15:08:44,PLY200,2x1 Timber (2m),5,300,350,CARD,SUPP_A,Timber,Lucy,0
20241010-0271,2024-10-10 10:06:34,TOOL01,Hammer 16oz,6,400,550,BANK_TRANSFER,SUPP_E,Tools,Lucy,0
20241010-0272,2024-10-10 17:36:07,ELX12,Light Bulb 60W,2,80,120,BANK_TRANSFER,SUPP_C,Electrical,Mary,0
20241010-0273,2024-10-10 13:40:57,NLS123,1/2 inch Nail Box,3,120,150,MPESA,SUPP_B,Fasteners,Lucy,0
20241010-0274,2024-10-10 12:23:01,PAI500,Premium Paint 5L,1,1200,1500,MPESA,SUPP_D,Paints,John,5
20241010-0275,2024-10-10 14:06:52,TIN012,Thin Nails Bundle,7,90,120,BANK_TRANSFER,SUPP_B,Fasteners,Mary,0
20241010-0276,2024-10-10 10:44:08,PAI500,Premium Paint 5L,4,1200,1500,CARD,SUPP_D,Paints,John,0
20241010-0277,2024-10-10 17:04:55,ELX12,Light Bulb 60W,7,80,120,BANK_TRANSFER,SUPP_C,Electrical,Lucy,0
20241010-0278,2024-10-10 12:34:28,TIN012,Thin Nails Bundle,4,90,120,MPESA,SUPP_B,Fasteners,Mary,0
20241010-0279,2024-10-10 17:52:27,TIN012,Thin Nails Bundle,2,90,120,BANK_TRANSFER,SUPP_B,Fasteners,Mary,5
20241010-0280,2024-10-10 11:05:09,ELX12,Light Bulb 60W,10,80,120,BANK_TRANSFER,SUPP_C,Electrical,Peter,5
20241010-0281,2024-10-10 08:53:32,TIN012,Thin Nails Bundle,3,90,120,MPESA,SUPP_B,Fasteners,Peter,0
20241010-0282,2024-10-10 10:32:28,NLS123,1/2 inch Nail Box,5,120,150,BANK_TRANSFER,SUPP_B,Fasteners,Peter,0
20241010-0283,2024-10-10 15:31:04,PLY200,2x1 Timber (2m),9,300,350,BANK_TRANSFER,SUPP_A,Timber,Peter,0
20241010-0284,2024-10-10 11:53:47,NLS123,1/2 inch Nail Box,7,120,150,BANK_TRANSFER,SUPP_B,Fasteners,John,10
20241010-0285,2024-10-10 14:21:02,ELX12,Light Bulb 60W,10,80,120,CASH,SUPP_C,Electrical,Lucy,0
20241010-0286,2024-10-10 08:34:40,PLM001,Plumbing PVC Pipe 1”,10,200,280,CASH,SUPP_C,Plumbing,Lucy,0
20241010-0287,2024-10-10 13:04:02,PLM001,Plumbing PVC Pipe 1”,8,200,280,BANK_TRANSFER,SUPP_C,Plumbing,Mary,0
20241010-0288,2024-10-10 13:53:09,PLY200,2x1 Timber (2m),10,300,350,CASH,SUPP_A,Timber,Lucy,5
20241010-0289,2024-10-10 11:59:36,CEM001,20kg Cement Bag,3,450,500,CASH,SUPP_A,Building Materials,Lucy,0
20241010-0290,2024-10-10 13:57:27,ELX12,Light Bulb 60W,8,80,120,BANK_TRANSFER,SUPP_C,Electrical,Peter,0
20241010-0291,2024-10-10 15:25:47,TIN012,Thin Nails Bundle,1,90,120,MPESA,SUPP_B,Fasteners,John,0
20241010-0292,2024-10-10 11:02:22,TOOL01,Hammer 16oz,-6,400,550,BANK_TRANSFER,SUPP_E,Tools,Peter,0
20241010-0293,2024-10-10 13:23:28,PLY200,2x1 Timber (2m),8,300,350,CARD,SUPP_A,Timber,John,0
20241010-0294,2024-10-10 16:17:00,GLV010,Construction Gloves,4,50,80,MPESA,SUPP_B,Safety,Lucy,10
20241010-0295,2024-10-10 13:12:18,NLS123,1/2 inch Nail Box,2,120,150,CASH,SUPP_B,Fasteners,Mary,5
20241010-0296,2024-10-10 17:22:27,BRU100,Hard Bristle Brush,6,180,250,CASH,SUPP_D,Decor,Lucy,5
20241010-0297,2024-10-10 09:46:28,PLM001,Plumbing PVC Pipe 1”,6,200,280,CARD,SUPP_C,Plumbing,Lucy,0
20241010-0298,2024-10-10 11:52:05,ELX12,Light Bulb 60W,3,80,120,CARD,SUPP_C,Electrical,Peter,0
20241010-0299,2024-10-10 10:22:47,CEM001,20kg Cement Bag,7,450,500,MPESA,SUPP_A,Building Materials,Mary,0
20241010-0300,2024-10-10 16:20:08,PLY200,2x1 Timber (2m),8,300,350,BANK_TRANSFER,SUPP_A,Timber,Lucy,10
20241010-0301,2024-10-10 08:46:26,TOOL01,Hammer 16oz,6,400,550,CARD,SUPP_E,Tools,Lucy,0
20241010-0302,2024-10-10 11:22:03,PLY200,2x1 Timber (2m),10,300,350,BANK_TRANSFER,SUPP_A,Timber,Mary,0
20241010-0303,2024-10-10 09:16:52,TIN012,Thin Nails Bundle,6,90,120,MPESA,SUPP_B,Fasteners,John,5
20241010-0304,2024-10-10 11:56:53,GLV010,Construction Gloves,5,50,80,MPESA,SUPP_B,Safety,John,0
20241010-0305,2024-10-10 08:42:21,CEM001,20kg Cement Bag,4,450,500,CASH,SUPP_A,Building Materials,Peter,0
20241010-0306,2024-10-10 09:20:11,PLY200,2x1 Timber (2m),7,300,350,BANK_TRANSFER,SUPP_A,Timber,Peter,5
20241010-0307,2024-10-10 15:40:42,PAI500,Premium Paint 5L,9,1200,1500,CARD,SUPP_D,Paints,Mary,0
20241010-0308,2024-10-10 12:45:39,GLV010,Construction Gloves,8,50,80,CARD,SUPP_B,Safety,Mary,5
20241010-0309,2024-10-10 08:38:58,GLV010,Construction Gloves,4,50,80,CASH,SUPP_B,Safety,Lucy,0
20241010-0310,2024-10-10 11:35:19,CEM001,20kg Cement Bag,3,450,500,CARD,SUPP_A,Building Materials,Mary,0
20241010-0311,2024-10-10 16:22:24,PLM001,Plumbing PVC Pipe 1”,8,200,280,CASH,SUPP_C,Plumbing,Mary,0
20241010-0312,2024-10-10 08:13:48,ELX12,Light Bulb 60W,9,80,120,BANK_TRANSFER,SUPP_C,Electrical,Peter,0
20241010-0313,2024-10-10 09:58:24,TOOL01,Hammer 16oz,9,400,550,CASH,SUPP_E,Tools,Mary,0
20241010-0314,2024-10-10 13:06:11,ELX12,Light Bulb 60W,6,80,120,BANK_TRANSFER,SUPP_C,Electrical,Mary,10
20241010-0315,2024-10-10 13:16:26,TIN012,Thin Nails Bundle,4,90,120,CASH,SUPP_B,Fasteners,Mary,0
20241010-0316,2024-10-10 08:56:01,PAI500,Premium Paint 5L,1,1200,1500,CARD,SUPP_D,Paints,John,10
20241010-0317,2024-10-10 17:18:33,NLS123,1/2 inch Nail Box,10,120,150,BANK_TRANSFER,SUPP_B,Fasteners,John,0
20241010-0318,2024-10-10 17:10:31,GLV010,Construction Gloves,7,50,80,CASH,SUPP_B,Safety,John,0
20241010-0319,2024-10-10 16:36:02,PAI500,Premium Paint 5L,7,1200,1500,BANK_TRANSFER,SUPP_D,Paints,Lucy,5
20241010-0320,2024-10-10 10:01:56,ELX12,Light Bulb 60W,6,80,120,MPESA,SUPP_C,Electrical,Mary,10
20241010-0321,2024-10-10 13:35:05,PAI500,Premium Paint 5L,3,1200,1500,BANK_TRANSFER,SUPP_D,Paints,Peter,0
20241010-0322,2024-10-10 14:54:14,ELX12,Light Bulb 60W,9,80,120,CASH,SUPP_C,Electrical,Lucy,5
20241010-0323,2024-10-10 17:34:48,ELX12,Light Bulb 60W,2,80,120,CARD,SUPP_C,Electrical,Peter,10
20241010-0324,2024-10-10 17:16:14,PLY200,2x1 Timber (2m),3,300,350,CARD,SUPP_A,Timber,Peter,0
20241010-0325,2024-10-10 16:47:29,ELX12,Light Bulb 60W,9,80,120,BANK_TRANSFER,SUPP_C,Electrical,Peter,0
20241010-0326,2024-10-10 16:19:16,PAI500,Premium Paint 5L,3,1200,1500,CASH,SUPP_D,Paints,Peter,10
20241010-0327,2024-10-10 09:01:53,TIN012,Thin Nails Bundle,5,90,120,CASH,SUPP_B,Fasteners,John,5
20241010-0328,2024-10-10 09:25:55,PAI500,Premium Paint 5L,9,1200,1500,CARD,SUPP_D,Paints,Lucy,0
20241010-0329,2024-10-10 14:03:25,PAI500,Premium Paint 5L,10,1200,1500,CASH,SUPP_D,Paints,Lucy,5
20241010-0330,2024-10-10 17:43:10,BRU100,Hard Bristle Brush,2,180,250,BANK_TRANSFER,SUPP_D,Decor,Peter,10
20241010-0331,2024-10-10 12:40:30,PLY200,2x1 Timber (2m),8,300,350,BANK_TRANSFER,SUPP_A,Timber,Peter,0
20241010-0332,2024-10-10 10:26:43,ELX12,Light Bulb 60W,9,80,120,MPESA,SUPP_C,Electrical,Mary,0
20241010-0333,2024-10-10 17:19:02,PLY200,2x1 Timber (2m),10,300,350,BANK_TRANSFER,SUPP_A,Timber,Peter,0
20241010-0334,2024-10-10 11:12:19,ELX12,Light Bulb 60W,7,80,120,MPESA,SUPP_C,Electrical,Lucy,0
20241010-0335,2024-10-10 09:28:54,PAI500,Premium Paint 5L,6,1200,1500,CARD,SUPP_D,Paints,Peter,0
20241010-0336,2024-10-10 12:02:49,ELX12,Light Bulb 60W,9,80,120,CARD,SUPP_C,Electrical,Lucy,0
20241010-0337,2024-10-10 14:06:05,TOOL01,Hammer 16oz,9,400,550,CARD,SUPP_E,Tools,John,5
20241010-0338,2024-10-10 08:33:05,TIN012,Thin Nails Bundle,5,90,120,BANK_TRANSFER,SUPP_B,Fasteners,Mary,0
20241010-0339,2024-10-10 17:48:01,PLY200,2x1 Timber (2m),5,300,350,CARD,SUPP_A,Timber,Peter,0
20241010-0340,2024-10-10 15:08:00,ELX12,Light Bulb 60W,5,80,120,MPESA,SUPP_C,Electrical,Mary,5
20241010-0341,2024-10-10 12:26:27,CEM001,20kg Cement Bag,9,450,500,CASH,SUPP_A,Building Materials,Mary,5
20241010-0342,2024-10-10 10:15:08,PLM001,Plumbing PVC Pipe 1”,9,200,280,BANK_TRANSFER,SUPP_C,Plumbing,Lucy,0
20241010-0343,2024-10-10 12:30:31,TOOL01,Hammer 16oz,5,400,550,BANK_TRANSFER,SUPP_E,Tools,Mary,10
20241010-0344,2024-10-10 12:42:12,PLY200,2x1 Timber (2m),-3,300,350,CARD,SUPP_A,Timber,Lucy,0
20241010-0345,2024-10-10 12:50:47,BRU100,Hard Bristle Brush,3,180,250,CASH,SUPP_D,Decor,Mary,5
20241010-0346,2024-10-10 15:42:56,TOOL01,Hammer 16oz,3,400,550,MPESA,SUPP_E,Tools,Lucy,0
20241010-0347,2024-10-10 10:09:06,PLY200,2x1 Timber (2m),6,300,350,CARD,SUPP_A,Timber,Peter,0
20241010-0348,2024-10-10 10:36:35,PLY200,2x1 Timber (2m),1,300,350,BANK_TRANSFER,SUPP_A,Timber,Mary,0
20241010-0349,2024-10-10 17:46:52,ELX12,Light Bulb 60W,1,80,120,CASH,SUPP_C,Electrical,John,10
20241010-0350,2024-10-10 13:49:08,PAI500,Premium Paint 5L,3,1200,1500,CARD,SUPP_D,Paints,Peter,5
20241010-0351,2024-10-10 12:39:45,BRU100,Hard Bristle Brush,4,180,250,BANK_TRANSFER,SUPP_D,Decor,Mary,0
20241010-0352,2024-10-10 09:05:30,TOOL01,Hammer 16oz,9,400,550,CASH,SUPP_E,Tools,Lucy,10
20241010-0353,2024-10-10 08:25:13,ELX12,Light Bulb 60W,6,80,120,BANK_TRANSFER,SUPP_C,Electrical,Mary,0
20241010-0354,2024-10-10 09:06:19,TIN012,Thin Nails Bundle,7,90,120,BANK_TRANSFER,SUPP_B,Fasteners,Mary,0
20241010-0355,2024-10-10 13:32:49,CEM001,20kg Cement Bag,8,450,500,MPESA,SUPP_A,Building Materials,Peter,0
20241010-0356,2024-10-10 12:46:43,PAI500,Premium Paint 5L,6,1200,1500,MPESA,SUPP_D,Paints,John,0
20241010-0357,2024-10-10 13:01:18,BRU100,Hard Bristle Brush,10,180,250,BANK_TRANSFER,SUPP_D,Decor,Mary,0
20241010-0358,2024-10-10 08:37:30,PLM001,Plumbing PVC Pipe 1”,6,200,280,MPESA,SUPP_C,Plumbing,Mary,0
20241010-0359,2024-10-10 14:47:25,NLS123,1/2 inch Nail Box,6,120,150,BANK_TRANSFER,SUPP_B,Fasteners,Mary,5
20241010-0360,2024-10-10 08:11:04,CEM001,20kg Cement Bag,5,450,500,MPESA,SUPP_A,Building Materials,John,0
20241010-0361,2024-10-10 15:00:30,TOOL01,Hammer 16oz,6,400,550,MPESA,SUPP_E,Tools,John,0
20241010-0362,2024-10-10 10:12:17,NLS123,1/2 inch Nail Box,2,120,150,MPESA,SUPP_B,Fasteners,Lucy,0
20241010-0363,2024-10-10 14:06:13,GLV010,Construction Gloves,10,50,80,CASH,SUPP_B,Safety,Peter,0
20241010-0364,2024-10-10 08:11:10,GLV010,Construction Gloves,5,50,80,BANK_TRANSFER,SUPP_B,Safety,Peter,0
20241010-0365,2024-10-10 11:03:18,CEM001,20kg Cement Bag,-6,450,500,CARD,SUPP_A,Building Materials,Lucy,5
20241010-0366,2024-10-10 08:20:40,PAI500,Premium Paint 5L,3,1200,1500,CARD,SUPP_D,Paints,Mary,10
20241010-0367,2024-10-10 09:06:02,PLM001,Plumbing PVC Pipe 1”,3,200,280,CARD,SUPP_C,Plumbing,Peter,5
20241010-0368,2024-10-10 16:12:52,PLY200,2x1 Timber (2m),2,300,350,CASH,SUPP_A,Timber,Mary,5
20241010-0369,2024-10-10 12:50:27,TIN012,Thin Nails Bundle,5,90,120,CARD,SUPP_B,Fasteners,Mary,10
20241010-0370,2024-10-10 15:09:53,BRU100,Hard Bristle Brush,6,180,250,CARD,SUPP_D,Decor,Peter,0
20241010-0371,2024-10-10 10:09:51,PLY200,2x1 Timber (2m),7,300,350,CARD,SUPP_A,Timber,Lucy,5
20241010-0372,2024-10-10 16:36:26,CEM001,20kg Cement Bag,9,450,500,MPESA,SUPP_A,Building Materials,Mary,0
20241010-0373,2024-10-10 17:10:49,NLS123,1/2 inch Nail Box,9,120,150,CARD,SUPP_B,Fasteners,John,5
20241010-0374,2024-10-10 09:00:26,NLS123,1/2 inch Nail Box,-4,120,150,MPESA,SUPP_B,Fasteners,Mary,10
20241010-0375,2024-10-10 16:30:45,PLY200,2x1 Timber (2m),7,300,350,MPESA,SUPP_A,Timber,John,0
20241010-0376,2024-10-10 10:20:40,GLV010,Construction Gloves,2,50,80,MPESA,SUPP_B,Safety,Peter,10
20241010-0377,2024-10-10 08:02:04,GLV010,Construction Gloves,5,50,80,BANK_TRANSFER,SUPP_B,Safety,Lucy,0
20241010-0378,2024-10-10 14:54:06,BRU100,Hard Bristle Brush,2,180,250,CARD,SUPP_D,Decor,John,10
20241010-0379,2024-10-10 13:55:43,CEM001,20kg Cement Bag,6,450,500,CARD,SUPP_A,Building Materials,John,0
20241010-0380,2024-10-10 13:50:52,ELX12,Light Bulb 60W,4,80,120,CASH,SUPP_C,Electrical,Peter,5
20241010-0381,2024-10-10 11:58:29,PAI500,Premium Paint 5L,8,1200,1500,MPESA,SUPP_D,Paints,John,0
20241010-0382,2024-10-10 17:00:29,PLM001,Plumbing PVC Pipe 1”,8,200,280,CARD,SUPP_C,Plumbing,Lucy,5
20241010-0383,2024-10-10 10:43:52,BRU100,Hard Bristle Brush,5,180,250,MPESA,SUPP_D,Decor,Mary,0
20241010-0384,2024-10-10 09:59:09,NLS123,1/2 inch Nail Box,1,120,150,CASH,SUPP_B,Fasteners,Peter,0
20241010-0385,2024-10-10 10:09:58,BRU100,Hard Bristle Brush,7,180,250,CARD,SUPP_D,Decor,Mary,0
20241010-0386,2024-10-10 16:07:22,PAI500,Premium Paint 5L,5,1200,1500,CARD,SUPP_D,Paints,Mary,0
20241010-0387,2024-10-10 16:55:13,ELX12,Light Bulb 60W,5,80,120,CARD,SUPP_C,Electrical,John,0
20241010-0388,2024-10-10 14:32:09,NLS123,1/2 inch Nail Box,5,120,150,BANK_TRANSFER,SUPP_B,Fasteners,Peter,5
20241010-0389,2024-10-10 10:17:22,PLM001,Plumbing PVC Pipe 1”,8,200,280,CARD,SUPP_C,Plumbing,Mary,10
20241010-0390,2024-10-10 10:31:08,PLY200,2x1 Timber (2m),3,300,350,BANK_TRANSFER,SUPP_A,Timber,Peter,5
20241010-0391,2024-10-10 12:48:12,PAI500,Premium Paint 5L,5,1200,1500,CASH,SUPP_D,Paints,Lucy,0
20241010-0392,2024-10-10 12:02:10,PLY200,2x1 Timber (2m),5,300,350,MPESA,SUPP_A,Timber,John,0
20241010-0393,2024-10-10 13:45:03,PLM001,Plumbing PVC Pipe 1”,8,200,280,CASH,SUPP_C,Plumbing,Lucy,10
20241010-0394,2024-10-10 13:53:19,PLM001,Plumbing PVC Pipe 1”,10,200,280,MPESA,SUPP_C,Plumbing,John,5
20241010-0395,2024-10-10 10:34:47,CEM001,20kg Cement Bag,5,450,500,BANK_TRANSFER,SUPP_A,Building Materials,Lucy,0
20241010-0396,2024-10-10 11:33:53,PLM001,Plumbing PVC Pipe 1”,2,200,280,MPESA,SUPP_C,Plumbing,Mary,5
20241010-0397,2024-10-10 17:46:55,ELX12,Light Bulb 60W,4,80,120,CARD,SUPP_C,Electrical,John,0
20241010-0398,2024-10-10 16:08:50,TIN012,Thin Nails Bundle,6,90,120,CARD,SUPP_B,Fasteners,Mary,0
20241010-0399,2024-10-10 08:33:15,PLY200,2x1 Timber (2m),2,300,350,MPESA,SUPP_A,Timber,Mary,0
20241010-0400,2024-10-10 14:38:54,ELX12,Light Bulb 60W,9,80,120,MPESA,SUPP_C,Electrical,Peter,0
20241010-0401,2024-10-10 13:41:27,PLM001,Plumbing PVC Pipe 1”,9,200,280,CASH,SUPP_C,Plumbing,Lucy,10
20241010-0402,2024-10-10 10:22:39,PLY200,2x1 Timber (2m),10,300,350,MPESA,SUPP_A,Timber,Mary,0
20241010-0403,2024-10-10 10:28:50,PAI500,Premium Paint 5L,5,1200,1500,MPESA,SUPP_D,Paints,Mary,0
20241010-0404,2024-10-10 16:27:33,PLY200,2x1 Timber (2m),1,300,350,BANK_TRANSFER,SUPP_A,Timber,Peter,0
20241010-0405,2024-10-10 15:45:38,ELX12,Light Bulb 60W,7,80,120,BANK_TRANSFER,SUPP_C,Electrical,Peter,0
20241010-0406,2024-10-10 11:32:36,GLV010,Construction Gloves,7,50,80,MPESA,SUPP_B,Safety,Peter,10
20241010-0407,2024-10-10 17:18:43,BRU100,Hard Bristle Brush,9,180,250,BANK_TRANSFER,SUPP_D,Decor,Lucy,0
20241010-0408,2024-10-10 11:30:34,PLM001,Plumbing PVC Pipe 1”,4,200,280,BANK_TRANSFER,SUPP_C,Plumbing,Peter,0
20241010-0409,2024-10-10 15:58:00,TOOL01,Hammer 16oz,5,400,550,BANK_TRANSFER,SUPP_E,Tools,John,0
20241010-0410,2024-10-10 11:45:48,PLM001,Plumbing PVC Pipe 1”,2,200,280,CASH,SUPP_C,Plumbing,Peter,0
20241010-0411,2024-10-10 14:54:03,BRU100,Hard Bristle Brush,10,180,250,CARD,SUPP_D,Decor,Mary,0
20241010-0412,2024-10-10 16:10:48,NLS123,1/2 inch Nail Box,7,120,150,CARD,SUPP_B,Fasteners,John,0
20241010-0413,2024-10-10 08:04:56,GLV010,Construction Gloves,3,50,80,BANK_TRANSFER,SUPP_B,Safety,Peter,0
20241010-0414,2024-10-10 15:27:15,PLM001,Plumbing PVC Pipe 1”,7,200,280,CARD,SUPP_C,Plumbing,John,5
20241010-0415,2024-10-10 11:43:50,CEM001,20kg Cement Bag,1,450,500,CARD,SUPP_A,Building Materials,Peter,10
20241010-0416,2024-10-10 15:08:41,GLV010,Construction Gloves,2,50,80,CASH,SUPP_B,Safety,Lucy,0
20241010-0417,2024-10-10 10:43:18,PLM001,Plumbing PVC Pipe 1”,5,200,280,MPESA,SUPP_C,Plumbing,Peter,5
20241010-0418,2024-10-10 14:25:23,ELX12,Light Bulb 60W,8,80,120,BANK_TRANSFER,SUPP_C,Electrical,Lucy,0
20241010-0419,2024-10-10 15:52:54,PLM001,Plumbing PVC Pipe 1”,9,200,280,BANK_TRANSFER,SUPP_C,Plumbing,Lucy,0
20241010-0420,2024-10-10 09:51:48,BRU100,Hard Bristle Brush,3,180,250,CASH,SUPP_D,Decor,Peter,10
20241010-0421,2024-10-10 09:15:45,ELX12,Light Bulb 60W,1,80,120,CASH,SUPP_C,Electrical,Mary,10
20241010-0422,2024-10-10 09:41:55,TIN012,Thin Nails Bundle,9,90,120,CARD,SUPP_B,Fasteners,John,10
20241010-0423,2024-10-10 14:34:02,PAI500,Premium Paint 5L,2,1200,1500,CARD,SUPP_D,Paints,John,0
20241010-0424,2024-10-10 09:27:30,NLS123,1/2 inch Nail Box,1,120,150,CARD,SUPP_B,Fasteners,Lucy,5
20241010-0425,2024-10-10 12:00:11,PLY200,2x1 Timber (2m),10,300,350,CARD,SUPP_A,Timber,Peter,5
20241010-0426,2024-10-10 11:33:13,PLM001,Plumbing PVC Pipe 1”,7,200,280,CARD,SUPP_C,Plumbing,John,10
20241010-0427,2024-10-10 08:47:18,NLS123,1/2 inch Nail Box,1,120,150,BANK_TRANSFER,SUPP_B,Fasteners,Peter,10
20241010-0428,2024-10-10 17:14:35,CEM001,20kg Cement Bag,9,450,500,CARD,SUPP_A,Building Materials,Lucy,0
20241010-0429,2024-10-10 16:04:06,PLM001,Plumbing PVC Pipe 1”,5,200,280,MPESA,SUPP_C,Plumbing,Lucy,5
20241010-0430,2024-10-10 08:52:05,PLY200,2x1 Timber (2m),6,300,350,CARD,SUPP_A,Timber,Mary,10
20241010-0431,2024-10-10 08:09:40,PLM001,Plumbing PVC Pipe 1”,3,200,280,CARD,SUPP_C,Plumbing,Lucy,5
20241010-0432,2024-10-10 08:23:28,BRU100,Hard Bristle Brush,1,180,250,MPESA,SUPP_D,Decor,John,0
20241010-0433,2024-10-10 12:02:50,PLY200,2x1 Timber (2m),7,300,350,CASH,SUPP_A,Timber,Peter,5
20241010-0434,2024-10-10 14:14:01,GLV010,Construction Gloves,3,50,80,MPESA,SUPP_B,Safety,Mary,0
20241010-0435,2024-10-10 15:06:33,CEM001,20kg Cement Bag,4,450,500,MPESA,SUPP_A,Building Materials,Mary,0
20241010-0436,2024-10-10 14:57:45,NLS123,1/2 inch Nail Box,1,120,150,MPESA,SUPP_B,Fasteners,Peter,0
20241010-0437,2024-10-10 10:07:39,GLV010,Construction Gloves,5,50,80,CARD,SUPP_B,Safety,Lucy,5
20241010-0438,2024-10-10 13:47:56,GLV010,Construction Gloves,10,50,80,CASH,SUPP_B,Safety,John,0
20241010-0439,2024-10-10 11:05:33,PLM001,Plumbing PVC Pipe 1”,7,200,280,CARD,SUPP_C,Plumbing,John,10
20241010-0440,2024-10-10 08:44:11,GLV010,Construction Gloves,3,50,80,BANK_TRANSFER,SUPP_B,Safety,Mary,0
20241010-0441,2024-10-10 09:51:23,NLS123,1/2 inch Nail Box,8,120,150,CARD,SUPP_B,Fasteners,Lucy,10
20241010-0442,2024-10-10 15:35:14,CEM001,20kg Cement Bag,7,450,500,MPESA,SUPP_A,Building Materials,Peter,0
20241010-0443,2024-10-10 09:13:29,NLS123,1/2 inch Nail Box,2,120,150,BANK_TRANSFER,SUPP_B,Fasteners,Lucy,5
20241010-0444,2024-10-10 17:53:56,TIN012,Thin Nails Bundle,8,90,120,CARD,SUPP_B,Fasteners,John,0
20241010-0445,2024-10-10 14:47:57,TIN012,Thin Nails Bundle,2,90,120,CASH,SUPP_B,Fasteners,Mary,0
20241010-0446,2024-10-10 13:53:55,TIN012,Thin Nails Bundle,8,90,120,BANK_TRANSFER,SUPP_B,Fasteners,John,0
20241010-0447,2024-10-10 08:40:07,NLS123,1/2 inch Nail Box,3,120,150,MPESA,SUPP_B,Fasteners,Peter,5
20241010-0448,2024-10-10 09:23:11,PLY200,2x1 Timber (2m),4,300,350,MPESA,SUPP_A,Timber,Peter,0
20241010-0449,2024-10-10 15:45:28,PLY200,2x1 Timber (2m),3,300,350,CASH,SUPP_A,Timber,Lucy,0
20241010-0450,2024-10-10 13:35:37,PAI500,Premium Paint 5L,2,1200,1500,MPESA,SUPP_D,Paints,Lucy,5
20241010-0451,2024-10-10 13:40:11,NLS123,1/2 inch Nail Box,-3,120,150,CASH,SUPP_B,Fasteners,Peter,0
20241010-0452,2024-10-10 13:58:04,PLM001,Plumbing PVC Pipe 1”,5,200,280,BANK_TRANSFER,SUPP_C,Plumbing,Peter,0
20241010-0453,2024-10-10 09:16:21,BRU100,Hard Bristle Brush,5,180,250,CARD,SUPP_D,Decor,Lucy,0
20241010-0454,2024-10-10 12:31:24,CEM001,20kg Cement Bag,2,450,500,CASH,SUPP_A,Building Materials,Lucy,10
20241010-0455,2024-10-10 09:37:16,ELX12,Light Bulb 60W,9,80,120,MPESA,SUPP_C,Electrical,Peter,0
20241010-0456,2024-10-10 15:04:10,TOOL01,Hammer 16oz,2,400,550,CARD,SUPP_E,Tools,Lucy,10
20241010-0457,2024-10-10 15:20:14,GLV010,Construction Gloves,10,50,80,CASH,SUPP_B,Safety,Lucy,5
20241010-0458,2024-10-10 08:34:38,GLV010,Construction Gloves,5,50,80,CARD,SUPP_B,Safety,Mary,0
20241010-0459,2024-10-10 15:12:57,ELX12,Light Bulb 60W,5,80,120,BANK_TRANSFER,SUPP_C,Electrical,John,0
20241010-0460,2024-10-10 16:14:10,PLM001,Plumbing PVC Pipe 1”,8,200,280,MPESA,SUPP_C,Plumbing,Peter,5
20241010-0461,2024-10-10 16:51:41,NLS123,1/2 inch Nail Box,2,120,150,MPESA,SUPP_B,Fasteners,John,10
20241010-0462,2024-10-10 13:15:02,ELX12,Light Bulb 60W,3,80,120,MPESA,SUPP_C,Electrical,Peter,10
20241010-0463,2024-10-10 16:00:05,CEM001,20kg Cement Bag,6,450,500,CARD,SUPP_A,Building Materials,John,0
20241010-0464,2024-10-10 10:27:47,TOOL01,Hammer 16oz,2,400,550,MPESA,SUPP_E,Tools,Lucy,0
20241010-0465,2024-10-10 09:57:09,PAI500,Premium Paint 5L,3,1200,1500,CARD,SUPP_D,Paints,Lucy,0
20241010-0466,2024-10-10 14:42:17,TIN012,Thin Nails Bundle,4,90,120,MPESA,SUPP_B,Fasteners,Mary,0
20241010-0467,2024-10-10 12:40:50,PLY200,2x1 Timber (2m),3,300,350,CASH,SUPP_A,Timber,John,0
20241010-0468,2024-10-10 14:06:14,GLV010,Construction Gloves,4,50,80,BANK_TRANSFER,SUPP_B,Safety,Lucy,10
20241010-0469,2024-10-10 13:03:04,PAI500,Premium Paint 5L,1,1200,1500,BANK_TRANSFER,SUPP_D,Paints,John,0
20241010-0470,2024-10-10 10:48:34,NLS123,1/2 inch Nail Box,3,120,150,BANK_TRANSFER,SUPP_B,Fasteners,Mary,5
20241010-0471,2024-10-10 12:07:27,GLV010,Construction Gloves,1,50,80,MPESA,SUPP_B,Safety,Mary,0
20241010-0472,2024-10-10 14:55:06,PLM001,Plumbing PVC Pipe 1”,4,200,280,CASH,SUPP_C,Plumbing,Mary,0
20241010-0473,2024-10-10 11:06:22,PAI500,Premium Paint 5L,-1,1200,1500,BANK_TRANSFER,SUPP_D,Paints,Mary,0
20241010-0474,2024-10-10 09:40:57,CEM001,20kg Cement Bag,10,450,500,MPESA,SUPP_A,Building Materials,Peter,0
20241010-0475,2024-10-10 16:20:14,CEM001,20kg Cement Bag,10,450,500,BANK_TRANSFER,SUPP_A,Building Materials,Peter,0
20241010-0476,2024-10-10 14:12:51,TIN012,Thin Nails Bundle,-1,90,120,CASH,SUPP_B,Fasteners,John,0
20241010-0477,2024-10-10 12:01:57,BRU100,Hard Bristle Brush,9,180,250,BANK_TRANSFER,SUPP_D,Decor,Lucy,5
20241010-0478,2024-10-10 15:17:01,PAI500,Premium Paint 5L,4,1200,1500,CASH,SUPP_D,Paints,Peter,10
20241010-0479,2024-10-10 16:29:40,PLY200,2x1 Timber (2m),4,300,350,CARD,SUPP_A,Timber,Lucy,10
20241010-0480,2024-10-10 15:46:58,BRU100,Hard Bristle Brush,4,180,250,MPESA,SUPP_D,Decor,Mary,0
20241010-0481,2024-10-10 17:31:40,PAI500,Premium Paint 5L,3,1200,1500,MPESA,SUPP_D,Paints,John,5
20241010-0482,2024-10-10 16:33:52,NLS123,1/2 inch Nail Box,10,120,150,CARD,SUPP_B,Fasteners,Lucy,0
20241010-0483,2024-10-10 17:09:30,TIN012,Thin Nails Bundle,1,90,120,CARD,SUPP_B,Fasteners,Mary,5
20241010-0484,2024-10-10 15:23:59,PAI500,Premium Paint 5L,10,1200,1500,MPESA,SUPP_D,Paints,John,0
20241010-0485,2024-10-10 08:10:03,PAI500,Premium Paint 5L,8,1200,1500,CARD,SUPP_D,Paints,Peter,10
20241010-0486,2024-10-10 13:38:12,NLS123,1/2 inch Nail Box,3,120,150,MPESA,SUPP_B,Fasteners,Peter,10
20241010-0487,2024-10-10 16:20:24,CEM001,20kg Cement Bag,2,450,500,MPESA,SUPP_A,Building Materials,John,0
20241010-0488,2024-10-10 15:21:08,CEM001,20kg Cement Bag,2,450,500,MPESA,SUPP_A,Building Materials,Lucy,0
20241010-0489,2024-10-10 10:08:42,NLS123,1/2 inch Nail Box,8,120,150,MPESA,SUPP_B,Fasteners,John,5
20241010-0490,2024-10-10 08:19:57,PLM001,Plumbing PVC Pipe 1”,9,200,280,BANK_TRANSFER,SUPP_C,Plumbing,Mary,5
20241010-0491,2024-10-10 15:55:19,NLS123,1/2 inch Nail Box,2,120,150,CARD,SUPP_B,Fasteners,Mary,0
20241010-0492,2024-10-10 15:54:36,CEM001,20kg Cement Bag,8,450,500,MPESA,SUPP_A,Building Materials,Peter,0
20241010-0493,2024-10-10 14:14:01,PLM001,Plumbing PVC Pipe 1”,4,200,280,BANK_TRANSFER,SUPP_C,Plumbing,John,10
